{"schemaVersion":"1.0","appDefinitionTemplate":{"id":"/providers/Microsoft.PowerApps/apps/","type":"Microsoft.PowerApps/apps","tags":{"primaryDeviceWidth":"640","primaryDeviceHeight":"1136","supportsPortrait":"true","supportsLandscape":"true","primaryFormFactor":"Phone","publisherVersion":"3.22111.19","minimumRequiredApiVersion":"2.2.0","hasComponent":"false","hasUnlockedComponent":"false","isUnifiedRootApp":"false","sienaVersion":"20221125T202052Z-3.22111.19.0"},"properties":{"appVersion":"2022-11-25T20:20:52Z","lifeCycleId":"Published","createdByClientVersion":{"major":3,"minor":22111,"build":19,"revision":0,"majorRevision":0,"minorRevision":0},"minClientVersion":{"major":3,"minor":22111,"build":19,"revision":0,"majorRevision":0,"minorRevision":0},"backgroundColor":"RGBA(0,176,240,1)","backgroundImageUri":"/539310126195777592/N47b45a1d-f4cc-4d30-ae84-3165a274cda4-logoSmallFile","displayName":"Aplicativo","description":"","commitMessage":"","appUris":{"documentUri":{"value":"/539310126195777592/N1fee3990-b1c0-4bd6-bb58-dedc30ee632e-document.msapp"},"imageUris":[],"additionalUris":[]},"createdTime":"0001-01-01T00:00:00Z","lastModifiedTime":"0001-01-01T00:00:00Z","sharedGroupsCount":0,"sharedUsersCount":0,"icons":{"smallIconUri":"/539310126195777592/Nd1340031-7232-41af-b3fa-60368319e9de-small.png","mediumIconUri":"/539310126195777592/N488e8511-248c-4c23-a2f9-7a1ecefb6c56-medium.png","largeIconUri":"/539310126195777592/Nfda45b28-225b-444b-bb09-37dfc4f24f4f-large.png","wideIconUri":"/539310126195777592/Nf32295d6-a402-4fd3-a506-995f419c765c-wide.png"},"connectionReferences":{"c0367f20-2142-4ff0-9cb9-26d5bca8d7e4":{"id":"27a421e2-5326-43a9-a60a-aceafafcc72c","displayName":"SharePoint","iconUri":"https://connectoricons-prod.azureedge.net/releases/v1.0.1610-greyhound-localization-RelayFix/1.0.1610.3091/sharepointonline/icon.png","dataSources":["compra"],"dependencies":[],"dependents":[],"parameterHints":{},"parameterHintsV2":{},"isOnPremiseConnection":false,"bypassConsent":false,"dataSets":{"https://governosp.sharepoint.com/sites/JUSTICA-projefac":{"dataSources":{"compra":{"tableName":"285b51cf-b0f1-48c5-9359-35d9e9044450"}}}},"apiTier":"Standard","isCustomApiConnection":false,"actions":["providers/PowerPlatform.Governance/Operations/Read","providers/PowerPlatform.Governance/Operations/Write","providers/PowerPlatform.Governance/Operations/Delete"]}},"databaseReferences":{},"almMode":"Environment","performanceOptimizationEnabled":true,"canConsumeAppPass":true,"enableModernRuntimeMode":false,"executionRestrictions":{"isTeamsOnly":false,"dataLossPreventionEvaluationResult":{"status":"Compliant","lastEvaluationDate":"2022-11-25T20:07:01.1853187Z","violations":[],"violationsByPolicy":[],"violationErrorMessage":"O aplicativo usa os seguintes conectores: shared_sharepointonline."}}},"appType":"ClassicCanvasApp","appComponents":[]}}